{
  "assetsByChunkName": {
    "path---tags-алгоритмический-трейдинг": [
      "path---tags-алгоритмический-трейдинг-56d1b086db8a57b22a2e.js",
      "path---tags-алгоритмический-трейдинг-56d1b086db8a57b22a2e.js.map"
    ],
    "component---src-templates-tag-template-jsx": [
      "component---src-templates-tag-template-jsx-ff8923bb5aed55741fc2.js",
      "component---src-templates-tag-template-jsx-ff8923bb5aed55741fc2.js.map"
    ],
    "component---src-templates-page-template-jsx": [
      "component---src-templates-page-template-jsx-5da187917dd6c91a8e37.js",
      "component---src-templates-page-template-jsx-5da187917dd6c91a8e37.js.map"
    ],
    "path---tags-машинное-обучение": [
      "path---tags-машинное-обучение-6a52c57d2dd8645da146.js",
      "path---tags-машинное-обучение-6a52c57d2dd8645da146.js.map"
    ],
    "path---tags-ethereum": [
      "path---tags-ethereum-7f34074e9b30d9f5a4a3.js",
      "path---tags-ethereum-7f34074e9b30d9f5a4a3.js.map"
    ],
    "path---categories": [
      "path---categories-7810725808733cc5adde.js",
      "path---categories-7810725808733cc5adde.js.map"
    ],
    "path---tags-криптовалюта": [
      "path---tags-криптовалюта-0f8e0464316c0c3ef010.js",
      "path---tags-криптовалюта-0f8e0464316c0c3ef010.js.map"
    ],
    "component---src-pages-tags-jsx": [
      "component---src-pages-tags-jsx-e99aede975052fb12f13.js",
      "component---src-pages-tags-jsx-e99aede975052fb12f13.js.map"
    ],
    "path---tags": [
      "path---tags-a3a933dee110cbef5f57.js",
      "path---tags-a3a933dee110cbef5f57.js.map"
    ],
    "path---categories-разработка": [
      "path---categories-разработка-55dd0836fb0ceac67ec2.js",
      "path---categories-разработка-55dd0836fb0ceac67ec2.js.map"
    ],
    "path---categories-алгоритмический-трейдинг": [
      "path---categories-алгоритмический-трейдинг-72b940cd2bf79271a00a.js",
      "path---categories-алгоритмический-трейдинг-72b940cd2bf79271a00a.js.map"
    ],
    "component---src-templates-category-template-jsx": [
      "component---src-templates-category-template-jsx-7fadc97ac77599f30a1f.js",
      "component---src-templates-category-template-jsx-7fadc97ac77599f30a1f.js.map"
    ],
    "component---node-modules-gatsby-plugin-offline-app-shell-js": [
      "component---node-modules-gatsby-plugin-offline-app-shell-js-5c4c5a0f7af9dc69d6d7.js",
      "component---node-modules-gatsby-plugin-offline-app-shell-js-5c4c5a0f7af9dc69d6d7.js.map"
    ],
    "path---tags-the-ocean-x": [
      "path---tags-the-ocean-x-84955daf3dcf66eccaee.js",
      "path---tags-the-ocean-x-84955daf3dcf66eccaee.js.map"
    ],
    "component---src-templates-post-template-jsx": [
      "component---src-templates-post-template-jsx-f2bb80e1fa15e564129d.js",
      "component---src-templates-post-template-jsx-f2bb80e1fa15e564129d.js.map"
    ],
    "path---tags-финансы": [
      "path---tags-финансы-64966007417cb6358ebe.js",
      "path---tags-финансы-64966007417cb6358ebe.js.map"
    ],
    "path---tags-веб-разработка": [
      "path---tags-веб-разработка-f2b6195ecca22bd17c1a.js",
      "path---tags-веб-разработка-f2b6195ecca22bd17c1a.js.map"
    ],
    "path---tags-laravel": [
      "path---tags-laravel-d914d88b6bec6c25ea8b.js",
      "path---tags-laravel-d914d88b6bec6c25ea8b.js.map"
    ],
    "path---tags-php": [
      "path---tags-php-0401c8bdb54cddd1e78e.js",
      "path---tags-php-0401c8bdb54cddd1e78e.js.map"
    ],
    "path---posts-algorithmic-trading-101-the-syllabus": [
      "path---posts-algorithmic-trading-101-the-syllabus-ee18f8be90352fbe3179.js",
      "path---posts-algorithmic-trading-101-the-syllabus-ee18f8be90352fbe3179.js.map"
    ],
    "component---src-pages-categories-jsx": [
      "component---src-pages-categories-jsx-982e7d7a2430a8621d13.js",
      "component---src-pages-categories-jsx-982e7d7a2430a8621d13.js.map"
    ],
    "path---index": [
      "path---index-a9eea8ee3579cb418197.js",
      "path---index-a9eea8ee3579cb418197.js.map"
    ],
    "path---tags-dependecy-injection": [
      "path---tags-dependecy-injection-0b69b410af68881e2e02.js",
      "path---tags-dependecy-injection-0b69b410af68881e2e02.js.map"
    ],
    "commons": [
      "commons-e0642c6d10f3f7db5678.js",
      "build-js-styles.css",
      "commons-e0642c6d10f3f7db5678.js.map",
      "build-js-styles.css.map"
    ],
    "path---404-html": [
      "path---404-html-140b1cb6fc65f8c553c0.js",
      "path---404-html-140b1cb6fc65f8c553c0.js.map"
    ],
    "component---src-pages-404-jsx": [
      "component---src-pages-404-jsx-d37f0a9a68b428d25e30.js",
      "component---src-pages-404-jsx-d37f0a9a68b428d25e30.js.map"
    ],
    "path---contact": [
      "path---contact-fc213ac1c729e6927c47.js",
      "path---contact-fc213ac1c729e6927c47.js.map"
    ],
    "path---tags-перевод": [
      "path---tags-перевод-ee5ed67a6681335c9575.js",
      "path---tags-перевод-ee5ed67a6681335c9575.js.map"
    ],
    "path---tags-боты": [
      "path---tags-боты-bcacc4e26c54236f0fd1.js",
      "path---tags-боты-bcacc4e26c54236f0fd1.js.map"
    ],
    "path---tags-внедрение-зависимостей": [
      "path---tags-внедрение-зависимостей-9138ca4932a5e3500378.js",
      "path---tags-внедрение-зависимостей-9138ca4932a5e3500378.js.map"
    ],
    "path---offline-plugin-app-shell-fallback": [
      "path---offline-plugin-app-shell-fallback-a0e39f21c11f6a62c5ab.js",
      "path---offline-plugin-app-shell-fallback-a0e39f21c11f6a62c5ab.js.map"
    ],
    "component---src-pages-index-jsx": [
      "component---src-pages-index-jsx-7e065c64ae31df35c6ba.js",
      "component---src-pages-index-jsx-7e065c64ae31df35c6ba.js.map"
    ],
    "app": [
      "app-53a71aed689aac94cf0b.js",
      "build-js-styles.css",
      "app-53a71aed689aac94cf0b.js.map",
      "build-js-styles.css.map"
    ],
    "path---posts-algorithmic-trading-101-lesson-1-time-series-analysis": [
      "path---posts-algorithmic-trading-101-lesson-1-time-series-analysis-bdded9a9b300003d0327.js",
      "path---posts-algorithmic-trading-101-lesson-1-time-series-analysis-bdded9a9b300003d0327.js.map"
    ],
    "path---404": [
      "path---404-140b1cb6fc65f8c553c0.js",
      "path---404-140b1cb6fc65f8c553c0.js.map"
    ],
    "path---about": [
      "path---about-9eb523f945573fd36c39.js",
      "path---about-9eb523f945573fd36c39.js.map"
    ],
    "path---posts-dependency-injection-for-beginners": [
      "path---posts-dependency-injection-for-beginners-867ea21de4e47aa4d223.js",
      "path---posts-dependency-injection-for-beginners-867ea21de4e47aa4d223.js.map"
    ]
  }
}